{"cameraMode":{"drawMode":0,"name":"Shaded","section":"Shading Mode"},"sceneLighting":false,"audioPlay":false,"sceneViewState":{"m_AlwaysRefresh":false,"showFog":true,"showSkybox":false,"showFlares":true,"showImageEffects":true,"showParticleSystems":true,"showVisualEffectGraphs":true,"m_FxEnabled":true},"in2DMode":false,"pivot":{"x":0.032977394759655,"y":-0.3352259397506714,"z":-1.2261571884155274},"rotation":{"x":0.004138048272579908,"y":0.9494968056678772,"z":-0.3135052025318146,"w":0.01253447961062193},"size":1.2400269508361817,"orthographic":false}