{"cameraMode":{"drawMode":0,"name":"Shaded","section":"Shading Mode"},"sceneLighting":true,"audioPlay":false,"sceneViewState":{"m_AlwaysRefresh":false,"showFog":true,"showSkybox":true,"showFlares":true,"showImageEffects":true,"showParticleSystems":true,"showVisualEffectGraphs":true,"m_FxEnabled":true},"in2DMode":false,"pivot":{"x":6.573400974273682,"y":-0.20842131972312928,"z":12.213346481323243},"rotation":{"x":-0.024149097502231599,"y":0.6882489323616028,"z":-0.02293386310338974,"w":-0.7247136235237122},"size":1.4660253524780274,"orthographic":false}