{"cameraMode":{"drawMode":0,"name":"Shaded","section":"Shading Mode"},"sceneLighting":true,"audioPlay":false,"sceneViewState":{"m_AlwaysRefresh":false,"showFog":true,"showSkybox":true,"showFlares":true,"showImageEffects":true,"showParticleSystems":true,"showVisualEffectGraphs":true,"m_FxEnabled":true},"in2DMode":false,"pivot":{"x":5.147880554199219,"y":-0.46508562564849856,"z":2.6110498905181886},"rotation":{"x":0.14649856090545655,"y":0.6370182633399963,"z":-0.1250297725200653,"w":0.7464011311531067},"size":9.039504051208496,"orthographic":false}