{"cameraMode":{"drawMode":0,"name":"Shaded","section":"Shading Mode"},"sceneLighting":true,"audioPlay":false,"sceneViewState":{"m_AlwaysRefresh":false,"showFog":true,"showSkybox":true,"showFlares":true,"showImageEffects":true,"showParticleSystems":true,"showVisualEffectGraphs":true,"m_FxEnabled":true},"in2DMode":false,"pivot":{"x":1.0591440200805665,"y":-0.3965088129043579,"z":23.383764266967775},"rotation":{"x":0.006361712701618671,"y":0.9541370868682861,"z":-0.2986128330230713,"w":0.02032710798084736},"size":6.4509148597717289,"orthographic":false}