{"cameraMode":{"drawMode":0,"name":"Shaded","section":"Shading Mode"},"sceneLighting":true,"audioPlay":false,"sceneViewState":{"m_AlwaysRefresh":false,"showFog":true,"showSkybox":true,"showFlares":true,"showImageEffects":true,"showParticleSystems":true,"showVisualEffectGraphs":true,"m_FxEnabled":true},"in2DMode":false,"pivot":{"x":-1.8232046365737916,"y":-0.6650307178497315,"z":11.949202537536621},"rotation":{"x":-0.10571277886629105,"y":0.12849736213684083,"z":-0.013777007348835469,"w":-0.9859623312950134},"size":10.25367259979248,"orthographic":false}