{"cameraMode":{"drawMode":0,"name":"Shaded","section":"Shading Mode"},"sceneLighting":true,"audioPlay":false,"sceneViewState":{"m_AlwaysRefresh":false,"showFog":true,"showSkybox":true,"showFlares":true,"showImageEffects":true,"showParticleSystems":true,"showVisualEffectGraphs":true,"m_FxEnabled":true},"in2DMode":false,"pivot":{"x":0.10952028632164002,"y":1.0850690603256226,"z":2.5711872577667238},"rotation":{"x":-0.17040343582630158,"y":-0.6868637800216675,"z":0.6856313347816467,"w":-0.1707170456647873},"size":1.5841631889343262,"orthographic":true}