{"cameraMode":{"drawMode":0,"name":"Shaded","section":"Shading Mode"},"sceneLighting":true,"audioPlay":false,"sceneViewState":{"m_AlwaysRefresh":false,"showFog":true,"showSkybox":true,"showFlares":true,"showImageEffects":true,"showParticleSystems":true,"showVisualEffectGraphs":true,"m_FxEnabled":true},"in2DMode":false,"pivot":{"x":-2.475747585296631,"y":1.1943061351776124,"z":1.6995162963867188},"rotation":{"x":-0.056810081005096439,"y":0.8987078666687012,"z":-0.12235157191753388,"w":-0.41728851199150088},"size":2.9420275688171388,"orthographic":false}