{"cameraMode":{"drawMode":0,"name":"Shaded","section":"Shading Mode"},"sceneLighting":true,"audioPlay":false,"sceneViewState":{"m_AlwaysRefresh":false,"showFog":true,"showSkybox":true,"showFlares":true,"showImageEffects":true,"showParticleSystems":true,"showVisualEffectGraphs":true,"m_FxEnabled":true},"in2DMode":false,"pivot":{"x":0.3456135392189026,"y":1.367241621017456,"z":2.2766528129577638},"rotation":{"x":-0.08153712004423142,"y":-0.7300370931625366,"z":0.672771692276001,"w":-0.08847486972808838},"size":1.5159456729888917,"orthographic":true}