{"cameraMode":{"drawMode":0,"name":"Shaded","section":"Shading Mode"},"sceneLighting":true,"audioPlay":false,"sceneViewState":{"m_AlwaysRefresh":false,"showFog":true,"showSkybox":true,"showFlares":true,"showImageEffects":true,"showParticleSystems":true,"showVisualEffectGraphs":true,"m_FxEnabled":true},"in2DMode":false,"pivot":{"x":0.8941655158996582,"y":1.1005334854125977,"z":-0.3026697635650635},"rotation":{"x":-0.12563087046146394,"y":-0.024998333305120469,"z":0.003126078750938177,"w":-0.9917885065078735},"size":4.463258743286133,"orthographic":true}