{"cameraMode":{"drawMode":0,"name":"Shaded","section":"Shading Mode"},"sceneLighting":true,"audioPlay":false,"sceneViewState":{"m_AlwaysRefresh":false,"showFog":true,"showSkybox":true,"showFlares":true,"showImageEffects":true,"showParticleSystems":true,"showVisualEffectGraphs":true,"m_FxEnabled":true},"in2DMode":false,"pivot":{"x":0.10952028632164002,"y":1.0850690603256226,"z":2.5711872577667238},"rotation":{"x":-0.23773472011089326,"y":-0.7618756890296936,"z":0.41127705574035647,"w":-0.44037947058677676},"size":1.8077934980392457,"orthographic":true}