{"cameraMode":{"drawMode":0,"name":"Shaded","section":"Shading Mode"},"sceneLighting":true,"audioPlay":false,"sceneViewState":{"m_AlwaysRefresh":false,"showFog":true,"showSkybox":true,"showFlares":true,"showImageEffects":true,"showParticleSystems":true,"showVisualEffectGraphs":true,"m_FxEnabled":true},"in2DMode":false,"pivot":{"x":0.9235530495643616,"y":1.9080297946929932,"z":1.8901832103729249},"rotation":{"x":0.13903619349002839,"y":-0.6358337998390198,"z":0.11787345260381699,"w":0.7500081062316895},"size":1.3625187873840333,"orthographic":true}