{"cameraMode":{"drawMode":0,"name":"Shaded","section":"Shading Mode"},"sceneLighting":true,"audioPlay":false,"sceneViewState":{"m_AlwaysRefresh":false,"showFog":true,"showSkybox":true,"showFlares":true,"showImageEffects":true,"showParticleSystems":true,"showVisualEffectGraphs":true,"m_FxEnabled":true},"in2DMode":false,"pivot":{"x":-0.4937533140182495,"y":4.76837158203125e-7,"z":2.1462278366088869},"rotation":{"x":0.17254002392292024,"y":0.7470499873161316,"z":-0.6057164669036865,"w":0.21278683841228486},"size":1.8590977191925049,"orthographic":true}