{"cameraMode":{"drawMode":0,"name":"Shaded","section":"Shading Mode"},"sceneLighting":true,"audioPlay":false,"sceneViewState":{"m_AlwaysRefresh":false,"showFog":true,"showSkybox":true,"showFlares":true,"showImageEffects":true,"showParticleSystems":true,"showVisualEffectGraphs":true,"m_FxEnabled":true},"in2DMode":false,"pivot":{"x":0.589275598526001,"y":1.4269359111785889,"z":2.2053720951080324},"rotation":{"x":-0.00039191992254927754,"y":-0.7670480012893677,"z":0.6416289806365967,"w":-0.00046200412907637656},"size":1.908388376235962,"orthographic":true}