{"cameraMode":{"drawMode":0,"name":"Shaded","section":"Shading Mode"},"sceneLighting":false,"audioPlay":false,"sceneViewState":{"m_AlwaysRefresh":false,"showFog":false,"showSkybox":false,"showFlares":false,"showImageEffects":false,"showParticleSystems":false,"showVisualEffectGraphs":true,"m_FxEnabled":true},"in2DMode":false,"pivot":{"x":0.0020035170018672945,"y":1.3992420434951783,"z":-2.141118049621582},"rotation":{"x":-0.0005352863809093833,"y":0.9918360114097595,"z":-0.12746089696884156,"w":-0.004164616111665964},"size":1.3325269222259522,"orthographic":false}