{"cameraMode":{"drawMode":0,"name":"Shaded","section":"Shading Mode"},"sceneLighting":false,"audioPlay":false,"sceneViewState":{"m_AlwaysRefresh":false,"showFog":true,"showSkybox":false,"showFlares":true,"showImageEffects":true,"showParticleSystems":true,"showVisualEffectGraphs":true,"m_FxEnabled":true},"in2DMode":false,"pivot":{"x":-0.012844562530517578,"y":0.008415937423706055,"z":0.6424717903137207},"rotation":{"x":-0.12563087046146394,"y":-0.024998333305120469,"z":0.003126078750938177,"w":-0.9917885065078735},"size":2.7197766304016115,"orthographic":true}