{"cameraMode":{"drawMode":0,"name":"Shaded","section":"Shading Mode"},"sceneLighting":true,"audioPlay":false,"sceneViewState":{"m_AlwaysRefresh":false,"showFog":true,"showSkybox":true,"showFlares":true,"showImageEffects":true,"showParticleSystems":true,"showVisualEffectGraphs":true,"m_FxEnabled":true},"in2DMode":false,"pivot":{"x":-0.0017209053039550782,"y":8.514694213867188,"z":19.548202514648439},"rotation":{"x":-0.34034034609794619,"y":-0.11050572991371155,"z":0.040314123034477237,"w":-0.9329178929328919},"size":17.372806549072267,"orthographic":false}