{"cameraMode":{"drawMode":0,"name":"Shaded","section":"Shading Mode"},"sceneLighting":false,"audioPlay":false,"sceneViewState":{"m_AlwaysRefresh":false,"showFog":true,"showSkybox":false,"showFlares":true,"showImageEffects":true,"showParticleSystems":true,"showVisualEffectGraphs":true,"m_FxEnabled":true},"in2DMode":false,"pivot":{"x":0.029456377029418947,"y":0.10411942005157471,"z":-0.03462481498718262},"rotation":{"x":-0.12563087046146394,"y":-0.024998333305120469,"z":0.003126078750938177,"w":-0.9917885065078735},"size":2.692952871322632,"orthographic":true}